TransactionID,Date,Region,Category,Product,Quantity,UnitPrice,Revenue,ProfitMargin,Profit
e9800747-58e9-4a93-a271-557491041f66,2025-03-22,North America,Household,Detergent,11,147.85,1626.35,0.25,406.59
28506326-3464-4592-b45f-5a5c8c4d652a,2025-02-10,Asia,Household,Detergent,19,15.76,299.44,0.3,89.83
d291b077-1143-4138-83f7-01ab379a6c43,2025-02-03,North America,Household,Trash Bags,15,431.5,6472.5,0.36,2330.1
acb147f7-ebda-4498-a0b5-8e86252eeb95,2025-04-06,Europe,Health,First Aid Kit,1,170.39,170.39,0.19,32.37
bcc0d689-4ded-4e75-b597-923f1d4cee24,2025-01-31,Asia,Health,Vitamins,17,17.82,302.94,0.18,54.53
88b94afb-830e-44ca-97fd-6ffadcb26331,2025-01-01,Asia,Electronics,Laptop,13,194.78,2532.14,0.14,354.5
4d2b0472-68ac-4471-9c0a-3881354e084c,2024-12-06,South America,Health,Supplements,13,246.35,3202.5499999999997,0.16,512.41
4f953326-66a6-4e5e-955f-783d7b629c49,2024-12-19,Europe,Grocery,Pasta,4,123.57,494.28,0.33,163.11
76c8d7a0-b0cc-4192-a428-d2c0ea01323f,2024-12-01,Europe,Electronics,Laptop,15,100.35,1505.25,0.34,511.79
15640654-c498-4d6c-8cd7-257e95927507,2025-03-27,South America,Grocery,Pasta,17,388.51,6604.67,0.3,1981.4
bf5e39ab-b6ba-4b4a-8004-a1c39940a468,2024-11-09,Asia,Beauty,Mascara,19,342.36,6504.84,0.34,2211.65
1b6ed032-0099-49e3-9313-ab74910c4f1b,2025-03-26,South America,Electronics,Bluetooth Speaker,1,281.44,281.44,0.2,56.29
4ab10b30-11c1-4f3e-8e02-f61a3b32f2ab,2025-04-02,Asia,Grocery,Olive Oil,4,420.12,1680.48,0.24,403.32
5b0e6c37-145d-4b18-924a-588eea740594,2025-04-08,South America,Household,Detergent,20,336.79,6735.8,0.21,1414.52
be6d2609-292b-4fa2-8a6b-a59e0579b83a,2024-10-25,Asia,Beauty,Mascara,16,381.29,6100.64,0.36,2196.23
1e1a6c26-2a91-4020-b30e-ed53d8102bc8,2025-02-25,Europe,Health,First Aid Kit,16,477.68,7642.88,0.31,2369.29
2f7b3f5c-1831-4d80-8b59-2cfff1ce6363,2025-02-11,Asia,Beauty,Mascara,17,185.1,3146.7,0.35,1101.34
b4f44fc5-d9da-48b1-992e-76591f5a44e4,2025-03-14,Asia,Beauty,Mascara,10,190.65,1906.5,0.24,457.56
f640b043-07a9-4e61-b455-13c3b13bfadc,2025-04-12,North America,Household,Detergent,1,306.77,306.77,0.31,95.1
ec0a4f69-db9b-4624-a6af-224f625ebc20,2025-02-17,Europe,Beauty,Lipstick,10,272.41,2724.1000000000004,0.37,1007.92
8325c5dd-bb0e-4898-8824-9ff477c074b4,2024-11-03,North America,Beauty,Foundation,12,322.15,3865.7999999999997,0.11,425.24
1b7f2bbf-6774-42a0-9a42-4ceee13697af,2025-02-23,Europe,Health,Supplements,11,202.58,2228.38,0.27,601.66
b652ec06-ef33-4180-9b13-12f12395c337,2025-04-07,Europe,Grocery,Cereal,12,187.83,2253.96,0.2,450.79
83f55432-9129-4b9a-8294-4726eb42a63a,2024-12-13,South America,Health,Vitamins,6,491.41,2948.46,0.33,972.99
e84b2423-7f07-4850-96f3-75b72355aff5,2025-02-10,South America,Health,First Aid Kit,17,468.69,7967.73,0.33,2629.35
d82a904d-0c1f-4e60-998b-9fa0b58dfdfa,2025-01-31,Europe,Grocery,Pasta,13,168.18,2186.34,0.13,284.22
c148227e-8804-4e61-a924-b55e3b21eb40,2025-04-04,South America,Beauty,Foundation,13,236.16,3070.08,0.37,1135.93
2334e347-4fb1-4dc5-8515-26f828c3cc9f,2024-12-20,Europe,Grocery,Olive Oil,14,43.19,604.66,0.19,114.89
56fb8d0d-c9f2-4ab7-8d40-42be93098a59,2024-12-30,Asia,Electronics,Laptop,20,391.47,7829.400000000001,0.24,1879.06
d175052a-6ca4-494d-9244-a37c19c2ea63,2025-02-04,North America,Grocery,Pasta,9,284.82,2563.38,0.3,769.01
8b46f9df-7f36-4a36-90c8-667c32ddea62,2025-01-01,South America,Household,Paper Towels,14,232.65,3257.1,0.16,521.14
ab7c1e75-49f2-4684-a6e4-1ce6777aac84,2024-11-11,Asia,Beauty,Lipstick,7,271.59,1901.1299999999999,0.36,684.41
57a7cc75-3f3c-4231-94e5-5bace8ff04d9,2025-01-20,Europe,Electronics,Smartphone,5,474.05,2370.25,0.19,450.35
9d4f55c9-f742-426f-aaf5-776a743a8e58,2024-12-29,North America,Electronics,Bluetooth Speaker,8,369.51,2956.08,0.29,857.26
a299a267-daec-4d47-93cd-a6cd1a645090,2024-11-12,Europe,Beauty,Mascara,15,226.76,3401.3999999999996,0.23,782.32
da711249-574f-460a-9265-488076e055ba,2025-01-30,Europe,Household,Paper Towels,19,132.78,2522.82,0.36,908.22
91d9e0b2-f57a-448e-ba6b-ab0301384e8b,2024-10-20,Europe,Household,Detergent,7,421.83,2952.81,0.3,885.84
bb496810-25df-4b43-97ca-029a38781b78,2024-12-07,South America,Household,Paper Towels,4,459.59,1838.36,0.11,202.22
867bf9b9-f834-4707-94df-00ece10f572e,2024-12-08,South America,Electronics,Laptop,11,281.56,3097.16,0.38,1176.92
2061f79f-1479-460e-8d43-8e019bf0e964,2025-03-02,North America,Grocery,Olive Oil,3,298.23,894.69,0.33,295.25
de3a8fbb-e1e1-4eb0-9e8e-1b5622b7c110,2024-12-17,Europe,Electronics,Smartphone,12,461.73,5540.76,0.26,1440.6
3e567f60-e3e5-4b05-9bd5-be6a672ef316,2024-11-21,Europe,Beauty,Foundation,8,478.46,3827.68,0.16,612.43
bd1b2c24-23f2-40b0-b608-bdbd727dd3af,2025-03-30,South America,Health,First Aid Kit,18,200.01,3600.18,0.22,792.04
a58549be-3994-4716-a5e2-d62930127784,2024-12-03,South America,Grocery,Olive Oil,11,409.73,4507.030000000001,0.25,1126.76
c50d547d-4dfb-4251-8808-2ab8c8234763,2024-12-20,South America,Household,Detergent,4,110.31,441.24,0.24,105.9
696502de-4e1d-48b7-85e3-edb0a05f756c,2024-12-09,North America,Household,Paper Towels,20,446.42,8928.4,0.33,2946.37
bf2d407b-e627-47b2-8ad6-42954920537a,2024-12-25,Asia,Electronics,Bluetooth Speaker,14,36.5,511.0,0.21,107.31
139566fb-78f2-4fd4-876f-d5377b4d776a,2024-12-17,Asia,Beauty,Lipstick,2,468.32,936.64,0.37,346.56
c88b9d6a-54ae-4a21-a3e1-688c5262ab43,2024-12-22,Asia,Health,First Aid Kit,17,369.48,6281.16,0.2,1256.23
3a959a18-0cd8-4b9d-89e5-582119de2c79,2025-02-20,Europe,Grocery,Olive Oil,5,226.94,1134.7,0.17,192.9
2b8c2a5c-1b68-4018-b615-6bcd8c32333c,2025-01-27,South America,Health,First Aid Kit,8,102.73,821.84,0.25,205.46
93841926-2ec8-403c-9ecf-44f7296cbbd4,2024-12-02,Europe,Household,Detergent,13,141.85,1844.05,0.31,571.66
d7c77452-d3d7-4beb-88a8-b1748c74284b,2025-02-07,South America,Grocery,Pasta,16,71.4,1142.4,0.19,217.06
94f99c20-41d7-4d0e-8d29-836fe08999ca,2024-12-11,South America,Electronics,Smartphone,18,470.99,8477.82,0.23,1949.9
edfeb4e9-0dcb-4ba0-920d-b00b99799a97,2025-03-03,North America,Beauty,Foundation,3,86.21,258.63,0.31,80.18
d8ec5e87-ddc1-4906-ac11-b98ea162065b,2025-02-03,Asia,Grocery,Cereal,16,174.71,2795.36,0.4,1118.14
37663a45-0b6d-43ce-bdf6-9bb9a7e4d155,2024-12-13,South America,Beauty,Mascara,19,213.63,4058.97,0.35,1420.64
1bd81bc2-5579-474b-80ac-75ecbb220e3d,2025-02-26,Europe,Household,Detergent,18,38.39,691.02,0.15,103.65
64e366b5-e308-4a11-9a48-e6d2fca74e17,2025-04-16,North America,Household,Paper Towels,5,491.03,2455.1499999999996,0.35,859.3
f112e7ad-fbb3-4233-b34f-0e46de214d63,2025-04-17,Asia,Grocery,Olive Oil,10,6.74,67.4,0.33,22.24
777c9b57-e9df-4290-a273-8e24a0384398,2024-11-04,Asia,Household,Detergent,11,13.42,147.62,0.21,31.0
a1bf66df-9db0-4782-9c05-e2ace7f1f743,2025-01-15,South America,Grocery,Pasta,16,367.01,5872.16,0.22,1291.88
e4061943-1d03-4bc9-9ac7-fe7244e237ed,2024-10-31,Asia,Health,Vitamins,20,85.43,1708.6000000000001,0.31,529.67
3c8292e3-b29e-4d85-8e85-523fc314011a,2025-02-02,Europe,Health,Vitamins,5,320.18,1600.9,0.18,288.16
f795662e-4b65-44a1-84db-ba80537d363d,2024-12-13,North America,Electronics,Smartphone,3,322.93,968.79,0.23,222.82
888d264e-6c75-463a-bd79-221bf0bc3abb,2024-12-13,Asia,Grocery,Cereal,5,57.64,288.2,0.15,43.23
2be155b1-ed3c-46d9-abca-a6e3eb1313a6,2025-02-01,North America,Health,Supplements,11,69.28,762.08,0.24,182.9
1fd9853d-c427-4730-9a92-171015cf451d,2025-02-02,Europe,Beauty,Mascara,6,469.78,2818.68,0.3,845.6
241ca64f-9c80-41bb-8d8e-0023780c5cd8,2025-02-11,North America,Health,Vitamins,12,164.25,1971.0,0.38,748.98
c1d5b2b8-ba7b-4e0f-bf08-fb4c6fee2028,2025-04-20,South America,Electronics,Smartphone,16,288.81,4620.96,0.34,1571.13
172f87df-eb19-498b-8668-80e566a94e8d,2024-12-27,South America,Grocery,Cereal,15,94.05,1410.75,0.12,169.29
bd8bbe49-342c-4d2a-b78f-c320a6c8e166,2025-04-09,Europe,Health,First Aid Kit,17,297.44,5056.48,0.29,1466.38
687fd150-d2d6-4089-923f-b9cebe88b289,2025-02-20,North America,Beauty,Foundation,14,432.24,6051.360000000001,0.29,1754.89
82210777-5632-46f6-8043-66ad5dcf1467,2025-01-21,Asia,Electronics,Bluetooth Speaker,2,458.58,917.16,0.14,128.4
31e233a8-c648-433c-a5c8-11a04f1d631a,2025-01-13,Europe,Grocery,Pasta,5,44.63,223.15,0.18,40.17
69fd4656-d0c3-47bc-b1d9-45a48220b91c,2025-04-19,Europe,Grocery,Cereal,20,393.4,7868.0,0.31,2439.08
fff40eb9-c0e3-446c-9d0d-d8f8c6ca11c5,2024-12-19,South America,Health,Supplements,18,45.94,826.92,0.16,132.31
5505886a-0a66-40ca-baff-b3ffe55b12de,2025-02-09,Europe,Beauty,Foundation,8,133.43,1067.44,0.11,117.42
e413ba47-0494-492d-9a11-0006cf037e82,2025-01-03,South America,Beauty,Foundation,2,422.07,844.14,0.38,320.77
af1edc6b-1e5a-423d-bdbc-a192ea91fb6d,2024-10-30,Asia,Health,Vitamins,3,262.0,786.0,0.33,259.38
fd3ea392-9b61-41d3-adad-79104ae95be4,2025-04-05,North America,Health,Vitamins,3,361.88,1085.6399999999999,0.22,238.84
577fb18b-6b84-4b57-9056-52b4877f0a0c,2025-03-22,South America,Electronics,Smartphone,18,397.17,7149.06,0.27,1930.25
340ef3b3-1991-44b8-94e3-d8f4b78a0274,2024-11-18,Asia,Beauty,Mascara,13,386.71,5027.23,0.15,754.08
e75bc9cb-c962-4874-863e-95733a1003e1,2025-03-29,Europe,Beauty,Foundation,11,284.08,3124.8799999999997,0.21,656.22
35ed5dfe-8cdc-4a20-8141-fb2b3fe80b0c,2025-02-23,North America,Grocery,Cereal,15,86.95,1304.25,0.22,286.94
a83cbd05-bf7f-4488-8f8b-03e27e14b3eb,2024-10-23,South America,Beauty,Foundation,12,18.9,226.79999999999998,0.19,43.09
fc06da40-da64-44a5-8e9a-b879b9a40f29,2025-01-12,North America,Electronics,Smartphone,4,493.03,1972.12,0.36,709.96
1a283f26-088b-4b46-b93b-3ec81b11f647,2025-01-03,North America,Grocery,Pasta,4,99.08,396.32,0.12,47.56
4b896a58-728d-4aae-8361-4ccdaad1dd23,2025-03-01,Europe,Beauty,Mascara,4,210.63,842.52,0.19,160.08
888666e6-cd9d-4303-8bb8-f3165be985a3,2025-01-04,Europe,Household,Paper Towels,13,244.32,3176.16,0.18,571.71
f7e8d93d-a68c-4cfd-9ba8-f135e16e2aa0,2025-01-31,South America,Household,Trash Bags,5,89.67,448.35,0.36,161.41
4d507063-45e5-4796-b450-e57d220532ec,2025-03-18,South America,Grocery,Cereal,11,56.79,624.6899999999999,0.16,99.95
b9e8084e-60bb-4110-b6d6-1afd5e3cb05a,2025-02-18,South America,Household,Trash Bags,18,178.93,3220.7400000000002,0.28,901.81
1ba4f969-0bc7-4490-b047-ab7fe318fbfe,2025-02-14,South America,Electronics,Smartphone,4,346.76,1387.04,0.17,235.8
68aef40a-9345-4d11-8db4-efc936bbab45,2025-01-19,Asia,Beauty,Lipstick,4,453.51,1814.04,0.28,507.93
12fdb7b6-9c97-452c-9628-97b53116477f,2025-01-30,Europe,Beauty,Foundation,20,272.16,5443.200000000001,0.38,2068.42
2eb75bb4-6753-4b91-9c4f-88d02ed3462b,2025-02-03,Europe,Health,Supplements,13,81.51,1059.63,0.35,370.87
f9a1cf08-67cb-429f-9342-e51e0c8937f0,2024-12-29,North America,Beauty,Lipstick,9,449.24,4043.16,0.33,1334.24
e6fb08d9-cacd-47aa-af92-88741209ec66,2025-02-08,Europe,Grocery,Cereal,18,477.59,8596.619999999999,0.22,1891.26
02f32dae-54c8-4fc5-a07e-bfb3acbe8371,2025-03-24,South America,Electronics,Laptop,10,465.51,4655.1,0.25,1163.78
f553d980-75e7-4148-9da3-7277510c2eba,2025-02-16,South America,Health,First Aid Kit,1,267.99,267.99,0.16,42.88
bd8f828b-fedc-4629-a0a4-82ce3b97fcab,2025-03-13,South America,Beauty,Foundation,12,148.59,1783.08,0.26,463.6
23e6b45d-babb-4373-8622-a3c2cee64f48,2025-01-24,South America,Electronics,Laptop,9,100.67,906.03,0.22,199.33
e7999fe5-e133-4119-8dd2-6441729079f3,2024-12-09,South America,Grocery,Cereal,5,180.62,903.1,0.19,171.59
299681cd-28c4-47ed-98bb-466c7701f013,2025-04-17,South America,Beauty,Mascara,3,403.65,1210.9499999999998,0.27,326.96
358e9741-c7e3-4648-aeab-6b1784bd2ea2,2024-12-13,Asia,Health,Vitamins,2,267.01,534.02,0.19,101.46
437b550f-11c5-4632-aea3-3e4d4ff7ac2e,2024-10-24,South America,Grocery,Pasta,14,359.91,5038.740000000001,0.23,1158.91
eb00342a-e4d5-4cd0-a6dc-11e16106c22c,2024-10-30,Europe,Beauty,Lipstick,10,257.62,2576.2,0.4,1030.48
cb284e9b-f6a0-4627-aedd-806b4b8a9122,2025-02-03,Europe,Grocery,Cereal,1,469.2,469.2,0.38,178.3
b85e2a71-7ad3-4a95-89df-5c8e46af52b1,2025-01-20,South America,Grocery,Cereal,4,169.77,679.08,0.28,190.14
903ac05e-5596-4890-a5c5-ba41fe8d87cf,2025-04-11,Europe,Beauty,Mascara,10,9.26,92.6,0.36,33.34
c5b7f11a-01c3-4f28-8488-ac4307035004,2025-01-02,Asia,Beauty,Mascara,19,387.04,7353.76,0.29,2132.59
49b44746-6f9f-4480-87b5-ac39a84e9ae0,2025-04-15,North America,Electronics,Bluetooth Speaker,16,473.68,7578.88,0.12,909.47
6a0e83f8-6b79-4dbd-9d11-0e948407adb6,2024-12-26,South America,Health,Supplements,8,187.52,1500.16,0.14,210.02
8efb1504-d992-4e82-9bf0-b0689a63eb1a,2025-01-22,Europe,Grocery,Pasta,3,75.25,225.75,0.27,60.95
86fbcd05-e379-402c-ac19-7e2d96199bad,2025-04-18,Asia,Beauty,Foundation,8,335.59,2684.72,0.11,295.32
fae6ab82-7c91-4931-9180-4f28a9f54a6b,2025-04-12,Europe,Household,Paper Towels,19,260.08,4941.5199999999995,0.13,642.4
fc5c0516-b3fb-4054-8b2c-1a6a568e2630,2025-03-23,Asia,Beauty,Foundation,7,234.0,1638.0,0.17,278.46
465056b1-d353-4d39-a6c5-91e5ba01f742,2024-10-31,South America,Health,Supplements,14,11.52,161.28,0.29,46.77
dee3ea96-64b0-4e5e-912e-51e6077a0062,2024-10-28,Europe,Beauty,Lipstick,20,165.6,3312.0,0.17,563.04
1184ad07-8542-4bf6-b5c4-8c1d319be3cd,2024-11-05,South America,Grocery,Olive Oil,14,47.77,668.7800000000001,0.14,93.63
4e5a683e-eb35-43c5-8343-71a70891216b,2024-11-04,Asia,Health,Vitamins,20,138.35,2767.0,0.32,885.44
e2f58954-21be-4335-8b40-b15cd92c1b1a,2025-04-06,Europe,Grocery,Cereal,12,414.31,4971.72,0.12,596.61
5d0fa818-247f-4989-9486-4bde7498988b,2025-03-29,Asia,Grocery,Pasta,11,448.36,4931.96,0.11,542.52
9668aa2f-492a-4364-8f53-764c6ab35439,2025-04-09,Europe,Health,Supplements,7,355.6,2489.2000000000003,0.15,373.38
ca3a78fa-4acf-4a45-830c-7adaf9950ea9,2025-02-16,South America,Beauty,Foundation,10,216.26,2162.6,0.16,346.02
39c6ddc1-028a-4fa3-9a4c-bba76bb2a099,2025-01-08,South America,Household,Detergent,6,27.08,162.48,0.13,21.12
5470db30-4224-4d52-9959-b5fea5dcdad3,2024-11-12,North America,Beauty,Lipstick,20,221.28,4425.6,0.1,442.56
9cafa355-fcca-4213-9354-f9227f53c8b6,2025-02-19,North America,Beauty,Foundation,16,102.58,1641.28,0.38,623.69
32f49ba4-9d6b-40a9-8031-413fd59a56df,2024-10-20,Asia,Grocery,Pasta,11,168.73,1856.03,0.38,705.29
1a96110e-a7f1-4490-aefe-fd8abbbe12c0,2025-01-15,South America,Health,Supplements,20,98.29,1965.8000000000002,0.28,550.42
0614854d-2e28-4726-b4cc-bb8966546403,2025-02-22,South America,Health,Vitamins,15,335.78,5036.7,0.26,1309.54
1ea1d5e8-3c38-4d8f-91a5-f1574b49b29c,2025-02-12,South America,Health,First Aid Kit,14,359.22,5029.08,0.2,1005.82
ece294b9-d748-4ef7-a07a-ec5e5580ea04,2024-12-24,Asia,Household,Detergent,12,469.94,5639.28,0.39,2199.32
d14e007f-5382-475c-8cb7-6630a9caa3ed,2024-10-29,South America,Grocery,Olive Oil,3,160.65,481.95000000000005,0.19,91.57
4b6b723a-b6d6-43ef-97d2-b5d8df29bde0,2025-03-28,Europe,Beauty,Foundation,8,51.78,414.24,0.36,149.13
f6aa1d13-4e57-4e74-84e7-73dd06356a61,2024-11-19,North America,Beauty,Lipstick,8,307.87,2462.96,0.11,270.93
304a3d9b-a5b8-479b-8341-b22a86a15f5a,2025-03-12,South America,Grocery,Cereal,11,114.73,1262.03,0.25,315.51
c95b85b6-a274-4015-af6e-ede392c1e8ae,2024-10-25,Asia,Beauty,Lipstick,7,379.86,2659.02,0.24,638.16
3c6cbcc6-d3cd-43df-aa88-9bc0fcf0a6c2,2025-01-25,Europe,Grocery,Pasta,1,157.51,157.51,0.31,48.83
43d45e75-c1c6-4a1e-b93c-18aae64a22a6,2025-04-18,South America,Household,Paper Towels,11,250.51,2755.6099999999997,0.12,330.67
a9990f81-3881-4b63-8654-2af4cde50bf0,2025-04-15,South America,Electronics,Laptop,17,330.91,5625.47,0.17,956.33
a2271716-d73f-4ed3-b556-af24dbbb2940,2025-01-07,Asia,Electronics,Laptop,2,452.78,905.56,0.12,108.67
254782bf-7161-4a6a-adb4-59f08226297e,2025-02-10,Asia,Beauty,Lipstick,11,5.15,56.650000000000006,0.37,20.96
f3362685-2237-4050-9aae-22f069a9c440,2025-03-03,North America,Beauty,Lipstick,5,173.93,869.6500000000001,0.19,165.23
aa649cbb-a62f-4dfd-a39e-c14175c25983,2025-02-18,Asia,Electronics,Bluetooth Speaker,20,133.32,2666.3999999999996,0.35,933.24
92e63e26-e740-408b-b73c-b033b51c6d30,2024-12-24,South America,Health,Vitamins,8,222.65,1781.2,0.18,320.62
90020918-d637-491e-967b-a9c593c63862,2025-03-03,North America,Electronics,Smartphone,10,238.79,2387.9,0.12,286.55
7624e0bd-9108-4f7b-96e2-de9ee1d2377b,2024-12-23,Europe,Electronics,Smartphone,18,84.73,1525.14,0.21,320.28
1021339f-d2b4-4362-ad45-c7ba56c4921a,2024-11-12,North America,Electronics,Bluetooth Speaker,3,190.7,572.0999999999999,0.18,102.98
974444ff-538c-4b80-90f2-10b8e1fd9352,2024-10-24,Europe,Grocery,Cereal,2,17.36,34.72,0.33,11.46
860492b5-c1fe-435e-b935-dce8b4fe522a,2025-02-22,North America,Beauty,Lipstick,7,337.87,2365.09,0.17,402.07
b9692440-5b4c-4905-8b42-c1d12febeffd,2024-10-29,Europe,Electronics,Bluetooth Speaker,17,184.82,3141.94,0.32,1005.42
e5026f21-d839-4eb1-953c-c9fdd1e899d4,2024-12-27,Asia,Grocery,Cereal,11,310.22,3412.42,0.2,682.48
d5fc5e31-ff19-485b-9c21-347b2e9fad8c,2025-03-18,South America,Beauty,Lipstick,1,247.23,247.23,0.26,64.28
61d3978b-2dde-4bfd-a940-48bb61904b8e,2024-12-02,Europe,Health,Vitamins,15,34.24,513.6,0.39,200.3
a0ce8c40-d470-4456-a07e-08002e394c61,2025-03-24,South America,Grocery,Pasta,13,166.59,2165.67,0.11,238.22
a08b9693-c887-44b1-82a9-ed73f5900a8a,2025-03-09,North America,Grocery,Olive Oil,2,39.32,78.64,0.16,12.58
f9d27612-233b-459f-b0d4-8ea19d22f1f2,2025-02-07,Asia,Beauty,Foundation,18,225.82,4064.7599999999998,0.14,569.07
9bb47dce-aac0-4f4f-94ff-36ed4d24f8ec,2025-02-19,Asia,Beauty,Lipstick,7,338.42,2368.94,0.28,663.3
7f93416c-6f5c-4f77-aab3-d1066a6a02ec,2025-02-04,North America,Electronics,Bluetooth Speaker,20,389.63,7792.6,0.27,2104.0
fd95a786-ae22-48a2-aa39-d9790d5e10a3,2025-01-09,Asia,Beauty,Foundation,7,123.97,867.79,0.24,208.27
769ac789-e80f-4b03-a8cf-293a54749aae,2024-11-28,Europe,Household,Trash Bags,11,155.35,1708.85,0.29,495.57
9908b378-dab4-4680-9562-529945f35c24,2025-04-10,Asia,Beauty,Foundation,18,397.39,7153.0199999999995,0.12,858.36
6c27491c-7ed5-48af-a1d0-5892a0b44cdf,2025-02-17,North America,Grocery,Cereal,13,370.32,4814.16,0.25,1203.54
9e4296ae-2ecb-499a-8392-1f3c1efd84a5,2025-02-07,North America,Grocery,Olive Oil,15,300.29,4504.35,0.12,540.52
8f9296ed-1c9e-43ef-b4f5-e47abadcd4c9,2025-01-17,South America,Beauty,Foundation,17,396.48,6740.16,0.13,876.22
0dbba5bb-cdd1-43e4-9d17-71ca4d9b9b98,2025-02-28,South America,Beauty,Mascara,4,412.47,1649.88,0.24,395.97
9e719ff3-4054-424e-885d-a3f763bc7415,2024-11-02,Europe,Health,First Aid Kit,1,360.72,360.72,0.21,75.75
19ee4b4c-9f8b-437d-986a-e50ce6c2879a,2024-11-17,North America,Grocery,Cereal,18,335.81,6044.58,0.11,664.9
8857127f-60ab-40f6-882d-c91f1ec0508a,2025-02-11,Europe,Beauty,Foundation,4,401.98,1607.92,0.21,337.66
cf7dd7f3-7204-4916-bc2d-11f112762f1f,2025-02-14,South America,Household,Trash Bags,1,181.7,181.7,0.39,70.86
5500ec1c-5c88-41ed-9da4-a6208ca493db,2024-11-02,Europe,Health,Vitamins,7,281.22,1968.5400000000002,0.38,748.05
7c57b62c-0052-4cf3-b41c-3d7b17036ede,2025-04-06,Europe,Household,Trash Bags,15,222.15,3332.25,0.29,966.35
cab50824-0a95-4857-9f03-1c7dfc4631b0,2024-11-11,North America,Grocery,Cereal,17,68.29,1160.93,0.4,464.37
c4d071fa-2ad7-43eb-b9a7-25ed1f842aa6,2024-10-22,Europe,Grocery,Cereal,14,310.22,4343.08,0.27,1172.63
fb5a0797-55b4-4810-be2e-b75895e39469,2025-02-06,South America,Health,Vitamins,10,214.62,2146.2,0.28,600.94
7d3f1729-f9d0-409f-9328-c187f4861184,2025-03-29,South America,Electronics,Smartphone,3,123.81,371.43,0.1,37.14
a00c6d8b-317a-49be-bd25-944420b4a180,2024-12-25,North America,Electronics,Smartphone,6,466.8,2800.8,0.23,644.18
a82fdeef-39bd-4e7e-a624-4ec7a7e4ea5a,2024-10-24,Europe,Household,Detergent,14,207.36,2903.04,0.2,580.61
bede07c1-7e1b-4dec-8c4c-10d07be28d98,2025-01-17,Europe,Grocery,Pasta,6,485.77,2914.62,0.3,874.39
0a6382ec-9f68-43aa-8721-b4180ed9bb48,2025-03-16,Europe,Electronics,Laptop,18,313.3,5639.400000000001,0.13,733.12
bc4503f2-6e97-43f9-96df-757db44d031a,2024-12-19,Europe,Household,Detergent,2,247.96,495.92,0.26,128.94
8156daef-2fdb-4d87-9df6-4fc11f0fbf00,2025-04-17,Asia,Electronics,Smartphone,15,136.39,2045.85,0.3,613.75
d14cb3d9-a8ae-4b5a-9bc3-7fb25db6f5c6,2025-04-19,South America,Beauty,Foundation,7,387.26,2710.8199999999997,0.37,1003.0
da54f2bd-f380-4a29-8d41-3bbf428b95a0,2025-01-18,Europe,Beauty,Foundation,17,76.2,1295.4,0.11,142.49
06030628-b859-416c-85f7-e440cf429632,2024-11-03,North America,Grocery,Olive Oil,1,262.63,262.63,0.33,86.67
790b6aa7-80fd-4d06-94c7-40180823b27c,2024-11-21,Asia,Beauty,Mascara,16,329.64,5274.24,0.23,1213.08
9499d1a7-46d3-4174-8c1a-b99c1b46c88f,2025-02-06,Europe,Grocery,Pasta,14,262.12,3669.6800000000003,0.34,1247.69
2557f3b8-290e-41b1-9835-c7d05bbbda75,2025-01-06,Asia,Grocery,Olive Oil,2,43.15,86.3,0.15,12.94
3f3cc826-d277-4c79-9c6f-fe5ebef376c4,2025-04-02,Europe,Household,Paper Towels,7,225.28,1576.96,0.29,457.32
4d579083-7e81-4293-a64f-4a3ec62a601d,2025-02-16,South America,Health,Vitamins,9,53.25,479.25,0.13,62.3
f5ccf714-e380-4161-a4e8-733fc6092d17,2025-03-20,North America,Grocery,Pasta,10,267.52,2675.2,0.31,829.31
8d4fda17-2a85-4075-aaf7-24d7ff2b4a6e,2024-12-26,North America,Electronics,Smartphone,5,464.4,2322.0,0.27,626.94
bf439e4d-c27f-495a-abf5-f60f702b3aaf,2024-12-22,South America,Grocery,Olive Oil,9,344.09,3096.81,0.23,712.27
ae541367-3b53-4721-bb4a-75f1ae8518e9,2024-11-16,Europe,Health,Vitamins,11,96.35,1059.85,0.23,243.77
dd8fb95f-48e8-4d6a-84bd-099824cf9154,2025-03-01,Europe,Electronics,Bluetooth Speaker,10,142.49,1424.9,0.14,199.49
2b518eb1-76ed-4db5-add8-d880fc438319,2024-12-31,Asia,Electronics,Smartphone,4,257.47,1029.88,0.18,185.38
59d195c1-9382-4feb-aa60-793eeef3821f,2025-03-07,Asia,Health,Vitamins,5,6.07,30.35,0.16,4.86
b53b3dc6-1ad7-4b0b-b49b-6ac719af9699,2025-04-04,Asia,Grocery,Pasta,5,30.52,152.6,0.38,57.99
70b971d8-a9e4-4b36-9a73-e93e96b58624,2024-11-09,North America,Household,Detergent,14,230.43,3226.02,0.15,483.9
eb4e7647-787f-4779-a805-eb015baf37e7,2025-04-17,Asia,Electronics,Smartphone,17,350.65,5961.049999999999,0.15,894.16
7e962a6d-6e6c-4256-a112-107c22d6d198,2025-02-21,Asia,Health,Vitamins,8,293.11,2344.88,0.1,234.49
b62fa51c-f521-4659-9c91-1795a39176c6,2025-04-16,South America,Beauty,Lipstick,8,223.41,1787.28,0.2,357.46
ebd99c35-1ab3-4d14-a36e-cef482163ab7,2024-12-02,North America,Household,Detergent,13,446.14,5799.82,0.4,2319.93
b8ab2e58-895b-4886-8f3b-5a95a83b3a03,2024-11-09,North America,Beauty,Lipstick,3,127.89,383.67,0.32,122.77
500f784d-1ef5-48a2-b161-11dc98e1df95,2025-04-14,Asia,Electronics,Bluetooth Speaker,15,252.07,3781.0499999999997,0.35,1323.37
ebec369d-8ddc-40b4-b7a2-3c84a25d5acc,2024-12-25,North America,Electronics,Laptop,15,408.11,6121.650000000001,0.33,2020.14
caabceb5-a83f-4fcb-8bf1-de0ee5d932de,2024-12-06,South America,Health,First Aid Kit,12,366.08,4392.96,0.14,615.01
9bff037e-8612-4f0b-91e0-4a04a3946ce4,2025-01-18,North America,Health,First Aid Kit,15,280.85,4212.75,0.3,1263.83
c7da8d67-3995-4ce0-a8cc-79dc36b2ecdd,2025-01-31,Asia,Electronics,Smartphone,3,187.5,562.5,0.38,213.75
b0b5ca7f-447b-4eef-a047-3fd89c30f947,2024-12-25,Europe,Household,Detergent,2,427.35,854.7,0.13,111.11
81e7b23a-d443-40d8-91f4-70fc9b7b3de7,2025-04-14,Asia,Household,Trash Bags,18,132.28,2381.04,0.36,857.17
cb58472a-0bd9-43f3-bbd0-1b2798bd5eb4,2024-11-19,South America,Electronics,Laptop,5,58.13,290.65000000000003,0.24,69.76
06c0b6ff-d0d4-4cf1-8c99-c8f70df7ea3c,2025-03-20,Europe,Grocery,Cereal,6,17.2,103.19999999999999,0.28,28.9
c44bf4bb-bc73-40c8-aa70-257316443351,2024-11-23,Asia,Health,Vitamins,17,443.89,7546.13,0.36,2716.61
9bc70cc8-f6f1-4a30-9c0c-815c8ec191b8,2025-01-21,South America,Grocery,Cereal,13,100.34,1304.42,0.17,221.75
fb2b6f1f-57da-41ba-9b01-9a75e249ff10,2025-01-10,North America,Household,Trash Bags,17,63.65,1082.05,0.19,205.59
f66507b2-64a5-4068-ae7f-a891375d2954,2024-10-29,Asia,Grocery,Olive Oil,18,13.98,251.64000000000001,0.12,30.2
05a8374d-c050-45bc-af0b-523fac7bc719,2025-04-07,Europe,Health,Vitamins,5,399.08,1995.3999999999999,0.34,678.44
a70128b1-f0bf-4c16-9700-55e4f809d446,2024-10-28,South America,Electronics,Bluetooth Speaker,8,20.59,164.72,0.23,37.89
f830c981-8a76-4f61-b221-692988a01995,2024-12-23,South America,Beauty,Mascara,2,470.47,940.94,0.2,188.19
943c25d2-2576-4d60-ba0f-7f28d7a7459c,2024-11-20,Europe,Household,Trash Bags,15,97.19,1457.85,0.33,481.09
26c65b28-38f1-41da-be1a-70fe20aa812f,2024-12-21,North America,Electronics,Laptop,19,258.72,4915.68,0.29,1425.55
6e830b73-14b1-45ce-a333-0927a91685ac,2025-04-08,South America,Household,Trash Bags,12,110.01,1320.1200000000001,0.28,369.63
91e9c9ec-2d9b-45f7-bce2-8cf7fd811e9b,2025-04-05,South America,Electronics,Smartphone,16,453.3,7252.8,0.36,2611.01
01d185a4-017d-41c1-9f04-456bf6bb3a5c,2024-11-13,Europe,Health,Supplements,5,192.99,964.95,0.28,270.19
acb2b7e4-798f-4427-9a1a-367bf0962b8f,2024-11-22,North America,Electronics,Bluetooth Speaker,18,410.29,7385.22,0.2,1477.04
ce8fe4a9-0e3b-46ec-913b-5721d21c7ff4,2024-12-20,North America,Health,First Aid Kit,16,220.67,3530.72,0.15,529.61
88dbac6a-dac6-48da-ad5e-31945cf6c556,2024-10-30,North America,Health,First Aid Kit,3,471.1,1413.3000000000002,0.39,551.19
1d024099-6db0-41bf-90a1-334ae0616481,2025-03-13,North America,Electronics,Bluetooth Speaker,12,410.15,4921.799999999999,0.19,935.14
6153c05c-ff87-4907-b4b7-37f0e4352899,2024-12-30,Europe,Beauty,Mascara,8,103.34,826.72,0.13,107.47
51c4b263-90f2-4289-9dac-d96ec744a1f5,2025-03-25,Asia,Household,Detergent,11,308.22,3390.42,0.33,1118.84
aac92adb-b66a-4fe8-958a-75738ee8895f,2025-02-15,Asia,Health,Vitamins,14,451.09,6315.259999999999,0.32,2020.88
a0f6da62-0771-4982-b34b-d3ff0804c231,2024-11-25,South America,Beauty,Foundation,4,362.38,1449.52,0.28,405.87
113154b9-874b-4f45-a5a2-73c7d18ffceb,2024-10-27,Europe,Health,Supplements,15,60.52,907.8000000000001,0.12,108.94
15a6b6c2-756d-4319-bdf1-b439aa7165d9,2025-03-18,North America,Electronics,Bluetooth Speaker,9,93.62,842.58,0.4,337.03
3f4d7269-94b2-415e-830d-3c8cc0657f84,2025-01-18,South America,Household,Detergent,8,397.47,3179.76,0.15,476.96
10ec07e2-3ce0-405c-b124-253fbe55ade4,2024-10-31,Europe,Grocery,Olive Oil,15,248.46,3726.9,0.1,372.69
70cc8bf3-12a5-466f-a9b0-767315134323,2025-03-04,Europe,Grocery,Olive Oil,2,296.75,593.5,0.25,148.38
76f7cd46-5cc3-4559-9261-bee2be2e41ca,2025-04-06,Asia,Health,Supplements,2,416.68,833.36,0.29,241.67
1caec3c5-d7da-4710-a1f8-d1e3d28d30a5,2025-04-14,Europe,Household,Detergent,6,164.88,989.28,0.27,267.11
24db2a44-b0c9-4305-a1fe-801f184bd7c5,2025-01-11,North America,Electronics,Bluetooth Speaker,11,69.2,761.2,0.21,159.85
4de748b6-2a47-4000-bc34-b0546473cae3,2025-04-10,Europe,Health,First Aid Kit,10,463.94,4639.4,0.18,835.09
1623959d-70f8-404d-9bff-94654229b556,2024-12-06,North America,Grocery,Olive Oil,18,297.69,5358.42,0.27,1446.77
1f543fde-b672-48b7-92c2-dbd41a3dc7ee,2025-04-01,Europe,Electronics,Bluetooth Speaker,1,107.14,107.14,0.32,34.28
e23fdf76-7985-4acc-b326-0a3f14e22fa2,2025-01-16,Europe,Beauty,Mascara,6,34.93,209.57999999999998,0.29,60.78
37ca612d-9461-4219-a96b-4521883a3a9e,2024-12-14,Asia,Household,Trash Bags,14,333.39,4667.46,0.24,1120.19
b710a9e1-4da9-4937-88fd-7ea107ce9462,2025-02-08,South America,Household,Trash Bags,6,226.67,1360.02,0.27,367.21
44b6b236-e454-456d-966f-f02e30707654,2024-12-17,Europe,Health,Vitamins,1,258.62,258.62,0.21,54.31
94a04b4c-3188-41d6-a887-f2ae05dc01a8,2025-02-10,Asia,Health,First Aid Kit,13,136.01,1768.1299999999999,0.25,442.03
90bd97de-a7b5-4d6b-a094-0e9af127a39c,2025-01-28,North America,Beauty,Lipstick,14,262.53,3675.4199999999996,0.39,1433.41
82a20302-4b22-4b7b-9b61-06a4272c060c,2024-10-30,Europe,Electronics,Bluetooth Speaker,15,488.75,7331.25,0.35,2565.94
7300a3ca-5fdc-4585-bb2b-9c62f7dd0188,2025-01-13,Asia,Health,Supplements,7,9.44,66.08,0.28,18.5
3a7a8c32-5505-4498-a5da-08d79646ef92,2025-01-30,South America,Beauty,Lipstick,13,75.95,987.35,0.38,375.19
56b2501d-6d91-48e1-9e63-c368fee8ca25,2024-12-28,South America,Grocery,Olive Oil,3,266.15,798.4499999999999,0.14,111.78
ab46db03-f043-4a7a-8c55-a3b5795433e5,2025-03-04,Asia,Household,Detergent,16,125.78,2012.48,0.29,583.62
c95e664b-a6b0-45f3-b9bd-6069af5931e0,2025-03-24,Europe,Household,Paper Towels,20,161.01,3220.2,0.14,450.83
fa45c31d-c954-48fd-970f-844f8ddc4330,2024-12-01,Asia,Grocery,Olive Oil,6,266.44,1598.6399999999999,0.2,319.73
2239a3dd-094d-4427-bd4b-4cf129c62fc6,2024-11-12,Asia,Household,Detergent,20,353.68,7073.6,0.18,1273.25
8f596bb2-5d0f-4fe4-828c-f2b15672a0a5,2025-02-12,Europe,Electronics,Laptop,3,394.95,1184.85,0.26,308.06
99f2afb5-c056-4694-9990-226e41de41f0,2025-03-04,Asia,Beauty,Foundation,19,420.38,7987.22,0.39,3115.02
fd8fb751-788a-45b1-a025-a48d8cf10088,2024-12-24,North America,Health,Supplements,19,429.92,8168.4800000000005,0.34,2777.28
7d32f76e-ab02-423f-87c8-a8ceb1ff4866,2024-12-16,South America,Beauty,Lipstick,3,42.47,127.41,0.16,20.39
2105f555-c6f7-433d-a8ac-fb6fc5ab4169,2024-11-17,Europe,Grocery,Cereal,2,304.35,608.7,0.3,182.61
3562036f-9a20-4b76-9c1f-1a5be72f35d8,2025-03-17,North America,Grocery,Cereal,19,196.09,3725.71,0.31,1154.97
3bd79046-8425-4625-8ace-631ccfcb843d,2025-02-02,Europe,Beauty,Foundation,18,335.97,6047.460000000001,0.18,1088.54
e09899f1-1cba-4f9e-917d-04056b1380cb,2025-03-11,North America,Electronics,Smartphone,5,380.03,1900.1499999999999,0.18,342.03
35bd5ea3-d00b-4043-b813-1e592d1e516c,2024-11-23,Asia,Health,First Aid Kit,20,189.07,3781.3999999999996,0.29,1096.61
1c81a4f3-9c25-4f64-925a-a8594f9f8ff0,2025-01-09,North America,Beauty,Foundation,5,10.94,54.699999999999996,0.2,10.94
848fd16a-b58b-4436-a3b0-bce390dd2268,2025-04-10,Europe,Grocery,Pasta,11,375.47,4130.17,0.36,1486.86
19694b32-3ac7-49fc-bbbe-6d99183925ef,2025-04-01,North America,Electronics,Smartphone,13,333.99,4341.87,0.27,1172.3
d29bcd0f-49f2-4633-8d29-49905f6ef6c4,2024-11-10,South America,Household,Trash Bags,4,345.78,1383.12,0.17,235.13
23e2acc9-d15f-4d6b-84bf-0d311cdc6706,2024-12-28,South America,Household,Trash Bags,10,386.84,3868.3999999999996,0.1,386.84
6578ceb8-f2e1-4649-b039-6f1da77d13a6,2024-11-04,North America,Grocery,Pasta,18,459.33,8267.94,0.13,1074.83
b3023d3c-654a-420c-a7c7-d9b1ef687e83,2024-10-23,North America,Health,First Aid Kit,16,461.91,7390.56,0.12,886.87
83f344c2-6b19-4a19-b27b-32950aed51f6,2025-01-22,Europe,Household,Paper Towels,7,494.54,3461.78,0.18,623.12
5b18cc10-5d5f-45c5-972d-6d401597a571,2025-01-08,South America,Household,Paper Towels,3,407.25,1221.75,0.16,195.48
e8c86145-6e4c-43de-95ad-05bf77af4bf2,2025-01-02,South America,Electronics,Bluetooth Speaker,3,293.27,879.81,0.14,123.17
3935c06f-44e2-479f-988c-24624ce6f6c6,2025-01-29,South America,Health,Vitamins,16,128.41,2054.56,0.34,698.55
f998ca94-3417-45c3-a8ea-7294685aad7b,2024-11-03,Asia,Grocery,Olive Oil,7,139.85,978.9499999999999,0.17,166.42
b71ed701-c22d-4b26-825f-8366c3f27151,2025-01-05,Asia,Beauty,Lipstick,13,238.02,3094.26,0.21,649.79
9be9fcd4-709f-4d99-a922-eb6b558f835a,2025-03-20,South America,Grocery,Cereal,3,316.36,949.08,0.23,218.29
25adef8e-45b1-4216-8583-11400d9a5840,2025-01-04,South America,Household,Detergent,10,130.02,1300.2,0.25,325.05
7d6aa883-1c44-463e-8eba-f0900f791ed4,2024-11-01,North America,Beauty,Mascara,6,336.33,2017.98,0.32,645.75
d5db3610-e5ac-4209-b16d-cae5cfce0109,2025-01-14,Europe,Household,Trash Bags,16,242.05,3872.8,0.39,1510.39
c3f645a6-c2d4-4970-be3a-3b75ee3c260d,2025-04-05,South America,Health,Vitamins,18,111.72,2010.96,0.33,663.62
6c5e03bf-50cb-4819-a9c8-3c464c77d139,2025-04-02,North America,Health,Supplements,5,36.04,180.2,0.34,61.27
c40caa90-6477-4763-a41c-93c0da7ead9b,2024-11-08,Europe,Household,Trash Bags,17,165.62,2815.54,0.33,929.13
cc6fae4f-04c5-4ea9-88a0-d1769771c76c,2025-01-02,South America,Electronics,Smartphone,2,113.49,226.98,0.39,88.52
9a8bc1da-8904-4c60-8ab6-d3ced2b8514d,2025-01-02,Asia,Beauty,Lipstick,14,107.68,1507.52,0.21,316.58
288e804d-07eb-46bd-93eb-85ba9210aa82,2024-11-16,Europe,Electronics,Bluetooth Speaker,1,174.16,174.16,0.1,17.42
e72d34a0-236d-4a16-8c69-6b943f3491f4,2025-03-30,Europe,Grocery,Cereal,10,9.66,96.6,0.4,38.64
e021c7ab-d964-4780-a343-1be3ce4b0acf,2024-12-17,Asia,Health,Supplements,2,144.54,289.08,0.14,40.47
05317a3f-b54c-4f74-8810-b0bad110f5f1,2025-02-23,North America,Grocery,Pasta,15,323.54,4853.1,0.31,1504.46
27761439-55a0-443b-91a2-ee4095a1d01a,2025-02-17,Asia,Household,Detergent,9,163.47,1471.23,0.3,441.37
b1ba81fb-9ab7-4fbe-bf4e-16df23248222,2025-01-25,North America,Grocery,Cereal,13,332.88,4327.44,0.39,1687.7
51b6d63e-2293-4cc0-a7e8-06962bf866e3,2024-10-27,South America,Household,Detergent,17,162.18,2757.06,0.26,716.84
3d605c90-b44d-4802-9fcc-23a1f637b6d9,2025-02-06,North America,Health,Supplements,10,448.0,4480.0,0.39,1747.2
cd3c2c03-e340-45c1-8728-de266947c1b5,2025-03-31,South America,Health,First Aid Kit,20,256.8,5136.0,0.16,821.76
70988738-33e6-4527-9805-776008404e26,2025-02-19,South America,Household,Detergent,6,182.89,1097.34,0.28,307.26
30ef592f-a58d-47d6-9171-1fd3b197492f,2025-02-15,North America,Household,Trash Bags,8,427.65,3421.2,0.3,1026.36
26152fbe-bc85-4f26-bd0f-ba3ce7e0b443,2025-01-10,Asia,Health,Supplements,6,187.59,1125.54,0.15,168.83
49946b81-329a-42f7-b58c-3f75a0d55e49,2024-11-07,South America,Beauty,Mascara,17,147.57,2508.69,0.39,978.39
a322e83a-f0e1-4efa-9b60-d6b4e0661415,2025-03-07,South America,Health,Supplements,12,389.97,4679.64,0.2,935.93
b2d6e434-22a4-4203-acca-09c57579a014,2025-02-13,North America,Grocery,Olive Oil,2,31.67,63.34,0.21,13.3
1e395a50-6584-4608-bb5f-621add9ee851,2024-11-23,South America,Health,First Aid Kit,1,268.22,268.22,0.35,93.88
dfb443fe-9889-4424-85c0-afd4ed039c60,2024-10-22,Europe,Electronics,Laptop,6,192.77,1156.6200000000001,0.36,416.38
95f150e9-68a7-40d7-996d-14f93f01489c,2025-01-07,North America,Electronics,Laptop,12,233.7,2804.3999999999996,0.29,813.28
a95b409c-078e-4912-9fcf-d3a15026db57,2025-03-28,South America,Household,Paper Towels,17,344.08,5849.36,0.22,1286.86
3389d001-989c-4ee3-a758-20f3ad0919cc,2025-02-13,North America,Household,Detergent,16,313.32,5013.12,0.27,1353.54
a704cebf-c679-441d-9cb6-daf635f71980,2025-02-12,Europe,Health,Vitamins,18,36.69,660.42,0.15,99.06
0b2efdbf-0cca-4899-902b-8d6549c2aad9,2025-01-01,North America,Health,Supplements,2,65.22,130.44,0.22,28.7
e1e41c84-db68-452a-aa2e-b49608616194,2025-03-20,Asia,Electronics,Laptop,20,111.34,2226.8,0.37,823.92
5dc50217-dd0c-4897-bc11-b8a76a257b75,2025-01-03,South America,Health,Vitamins,1,271.49,271.49,0.1,27.15
bf3788da-92a6-4750-9da3-955c2205574f,2025-02-02,Asia,Household,Trash Bags,3,87.28,261.84000000000003,0.18,47.13
9164958f-886b-4bc7-902b-be51da859d97,2025-03-09,North America,Grocery,Olive Oil,15,164.65,2469.75,0.2,493.95
e946f40c-4afb-40c6-b972-52e1d2f94188,2024-12-08,Asia,Health,Vitamins,6,492.52,2955.12,0.38,1122.95
6415399d-ab77-463c-906f-2ced9154cb12,2025-03-01,Europe,Beauty,Mascara,9,348.67,3138.03,0.36,1129.69
00e27a73-06b9-4733-8cb6-fce4fdfd178c,2024-11-20,Europe,Household,Paper Towels,20,442.15,8843.0,0.26,2299.18
bf462f82-536f-4c2f-bc97-752b8d1c51e1,2025-01-21,South America,Beauty,Foundation,14,449.48,6292.72,0.28,1761.96
35a299a6-7c59-42db-857c-9960c7e56ea8,2025-03-24,Europe,Household,Trash Bags,20,15.24,304.8,0.16,48.77
76c38e92-dc90-45ef-a3ed-f13c5df870c5,2024-12-13,Europe,Electronics,Smartphone,11,319.39,3513.29,0.39,1370.18
dd1e5e8e-e1fe-4edb-861d-2a93b59c1c4c,2025-02-21,North America,Health,Vitamins,17,225.86,3839.6200000000003,0.23,883.11
c7b486cc-468e-48e4-97dd-3b739c82388b,2024-12-28,Asia,Household,Trash Bags,12,464.2,5570.4,0.34,1893.94
3a4086c9-059a-4494-b7c5-5c9fd308b08c,2025-02-06,South America,Beauty,Mascara,17,426.32,7247.44,0.37,2681.55
b852df3d-9d6c-4a11-a06a-94b8f602ede5,2025-03-02,North America,Grocery,Pasta,19,50.01,950.1899999999999,0.25,237.55
237d5d14-6631-4b30-90a1-b21ee4b07a22,2025-02-04,Europe,Grocery,Pasta,1,495.16,495.16,0.3,148.55
99a75eea-c0a1-4de6-bc29-c9f2e4b7b1d4,2025-04-19,Asia,Beauty,Mascara,6,194.01,1164.06,0.19,221.17
ba2d9592-9de8-46c9-97fe-c3827efe2937,2025-04-14,Asia,Health,Supplements,10,134.48,1344.8,0.16,215.17
9b0f7835-8a85-42b5-9e6b-bf19967eb0cd,2025-01-18,North America,Health,First Aid Kit,7,185.39,1297.73,0.32,415.27
b95437d5-0789-43d3-bf32-614b05835bb0,2025-01-08,Asia,Household,Detergent,8,348.23,2785.84,0.32,891.47
6e9adb45-33cd-4518-93e3-ea776bdf781c,2025-04-15,Europe,Electronics,Smartphone,11,280.01,3080.1099999999997,0.19,585.22
88599ee7-c2be-4c62-b051-27c94eb1393a,2025-03-03,North America,Health,First Aid Kit,16,469.01,7504.16,0.15,1125.62
68d53585-3b1a-467e-85e3-1c19dc8c19ce,2025-03-30,North America,Electronics,Laptop,5,254.75,1273.75,0.29,369.39
b9f36c15-599e-442d-a794-aac3667b9227,2024-12-18,Asia,Beauty,Lipstick,2,344.95,689.9,0.35,241.46
997b1cfe-0913-45a3-a5eb-9bf9bbde36c6,2025-03-13,Europe,Health,First Aid Kit,6,319.19,1915.1399999999999,0.38,727.75
fbd68046-efb5-422a-807c-ded8eb9d2be9,2025-01-21,South America,Beauty,Foundation,3,298.79,896.3700000000001,0.36,322.69
b3111235-7e52-4cae-87ab-e6043ee87630,2025-03-30,Europe,Beauty,Foundation,4,139.43,557.72,0.11,61.35
9dc4e12a-3832-4064-8c8a-f1e3397aa7ca,2025-04-01,Europe,Beauty,Mascara,5,485.9,2429.5,0.29,704.55
ecce6915-3f43-46b7-a75e-88389bddf622,2024-11-03,Europe,Grocery,Cereal,4,232.58,930.32,0.21,195.37
faf0d3ab-b404-4a40-9c76-de256d6608ee,2024-11-29,Asia,Beauty,Lipstick,2,319.17,638.34,0.26,165.97
fbc6d626-7307-4040-9a17-2d1faefbd365,2024-12-11,Europe,Health,First Aid Kit,14,488.16,6834.240000000001,0.4,2733.7
dc171d26-442d-4dc5-8040-c9265413f3a0,2025-02-22,North America,Health,Supplements,14,172.21,2410.94,0.26,626.84
ebba6717-2844-4844-9a02-cdfc0cf169e6,2025-04-13,North America,Electronics,Laptop,12,195.99,2351.88,0.39,917.23
f74a2012-5f41-4160-8822-4d81d814dbd9,2024-11-29,South America,Grocery,Olive Oil,10,456.13,4561.3,0.32,1459.62
5d399be3-67a4-498d-a11d-a0ce656f7a50,2025-02-11,Europe,Grocery,Pasta,14,55.46,776.44,0.24,186.35
57d760c6-5ea8-4254-8b68-6ab269ebe99b,2025-02-14,Europe,Electronics,Bluetooth Speaker,10,40.15,401.5,0.32,128.48
9e21a937-5072-47d8-862e-19d3fb83c226,2024-12-26,North America,Grocery,Olive Oil,18,385.57,6940.26,0.14,971.64
944cb37d-078a-43af-b3ba-d4844238a557,2024-12-29,Europe,Health,Supplements,13,77.44,1006.72,0.33,332.22
423e9490-83aa-40ef-a32d-2b47981cccc5,2024-12-08,Asia,Grocery,Cereal,17,214.65,3649.05,0.22,802.79
339c0e4e-156d-4b06-8927-594e44f26fa1,2025-02-22,Asia,Grocery,Cereal,2,18.73,37.46,0.29,10.86
9277313c-16ce-48a2-8e44-c0f0cd7937f9,2025-03-30,Europe,Electronics,Smartphone,7,234.78,1643.46,0.12,197.22
85a7e1e5-673f-442f-bf3c-99927d2f3aad,2025-04-01,Europe,Grocery,Pasta,20,38.7,774.0,0.38,294.12
7ef2ac42-cf2f-4875-aad5-d79075f7c2e4,2024-12-22,Asia,Household,Paper Towels,3,236.73,710.1899999999999,0.36,255.67
d14bf173-239c-45d3-82de-e22c90eb7673,2025-03-03,Europe,Grocery,Pasta,20,59.65,1193.0,0.39,465.27
11af4b70-558c-42cd-8b3e-f28dbb9d665f,2025-03-14,Asia,Health,First Aid Kit,16,424.17,6786.72,0.15,1018.01
dc57160e-eabc-4af6-b13e-144da1738310,2025-02-07,Asia,Health,Vitamins,2,186.63,373.26,0.19,70.92
7eb0ed5e-5596-4746-8b06-65275e1084e8,2025-03-23,South America,Electronics,Laptop,6,229.85,1379.1,0.19,262.03
beb43d34-7e7f-44e8-ab0b-f87b0aa1e211,2025-04-19,North America,Household,Trash Bags,10,90.65,906.5,0.37,335.4
6bb8b9cf-ccd1-435b-b0dc-f3905f690117,2025-02-25,Europe,Grocery,Olive Oil,17,324.85,5522.450000000001,0.2,1104.49
cc749e52-9038-4181-8fba-9d4bec327e95,2025-02-26,Asia,Household,Trash Bags,16,139.47,2231.52,0.13,290.1
a3bfe4b7-f9a2-4dec-bf9a-7949137a4870,2024-12-01,Asia,Health,Supplements,3,152.72,458.15999999999997,0.31,142.03
c1192350-2bd8-401b-8927-ef9fc791b003,2025-01-01,South America,Household,Paper Towels,20,272.17,5443.400000000001,0.31,1687.45
1386eadc-002c-418c-964c-e807a9880d9a,2025-04-19,Europe,Grocery,Cereal,1,183.85,183.85,0.15,27.58
208edf62-849e-4597-a600-53d5cf3d9975,2024-11-27,South America,Health,Supplements,18,429.26,7726.68,0.2,1545.34
ae8c1e51-db42-469f-8a51-52d7bffe6e48,2025-01-30,Asia,Household,Detergent,11,467.52,5142.719999999999,0.36,1851.38
9e525baf-3eed-4a5b-986d-d8a8778e0a62,2024-12-26,South America,Electronics,Laptop,3,362.02,1086.06,0.28,304.1
0f590a07-3726-4ede-b031-c29726c6c51a,2025-02-09,Europe,Health,Supplements,1,368.82,368.82,0.36,132.78
01f59d2f-39b2-4964-ac7b-5ee0c07e17c2,2025-02-26,South America,Beauty,Mascara,14,427.16,5980.240000000001,0.12,717.63
adeb8b6b-f0c4-4f26-a44e-d7c1fbcb79aa,2024-11-08,Europe,Electronics,Smartphone,20,167.04,3340.7999999999997,0.34,1135.87
e6a61341-271d-49a7-ab70-a5d14e026825,2024-11-11,South America,Household,Paper Towels,17,248.46,4223.82,0.27,1140.43
4f41a82e-e1eb-443a-b787-15cc4653b2f4,2025-02-09,South America,Beauty,Foundation,14,92.99,1301.86,0.13,169.24
dae1c27e-f299-416c-9305-e8050e8ae188,2025-02-14,Europe,Household,Trash Bags,8,165.31,1322.48,0.35,462.87
14025218-7a3c-4447-a61d-8c20dbf928b8,2025-02-08,South America,Beauty,Foundation,14,309.44,4332.16,0.33,1429.61
8c04bf72-f3df-495b-b267-a290b051bfd9,2025-01-02,North America,Beauty,Lipstick,9,496.9,4472.099999999999,0.33,1475.79
8b5ebb40-c3bf-4ec2-95fa-96a9c9a128cf,2024-12-06,North America,Health,Supplements,2,412.84,825.68,0.38,313.76
84a94ca3-deb0-440b-9bf6-6882d34d7225,2024-12-31,Europe,Grocery,Pasta,14,397.08,5559.12,0.18,1000.64
58b3e3bd-5e1a-431d-b4cf-92424e63b4d7,2025-02-05,North America,Health,First Aid Kit,8,238.98,1911.84,0.25,477.96
cd61c459-b0ff-4a1f-8b22-bf2b0f39f35b,2025-03-13,Asia,Beauty,Lipstick,20,127.73,2554.6,0.24,613.1
f76a56ab-79f9-405d-b4ea-d8e041497bbb,2024-10-26,Asia,Grocery,Cereal,7,474.79,3323.53,0.35,1163.24
75c6d72e-51be-49cf-baec-97d74bc4790a,2024-12-07,Asia,Beauty,Mascara,14,248.76,3482.64,0.14,487.57
c96d37b9-970b-468a-9f53-490e86145c04,2024-12-01,Asia,Electronics,Laptop,18,57.42,1033.56,0.19,196.38
67329d4d-8e30-41df-b4a7-f9b462224d5a,2024-10-21,Europe,Electronics,Smartphone,11,276.49,3041.3900000000003,0.35,1064.49
9d69d1ae-728d-4ff9-9e41-f58bc140ec4d,2024-12-04,Asia,Household,Paper Towels,4,28.77,115.08,0.38,43.73
f5e1c744-db38-4b0d-a25a-47307c5dd547,2025-03-11,Asia,Health,Supplements,2,499.43,998.86,0.17,169.81
84f9484f-b2b2-463d-b75a-60ae076fed2e,2024-11-13,Asia,Beauty,Mascara,12,49.25,591.0,0.19,112.29
36d033fb-2cf3-4e65-b3d6-93999f30d689,2024-10-24,Asia,Grocery,Olive Oil,7,393.86,2757.02,0.22,606.54
29d3473e-d60f-478e-b6b3-05daf574f25b,2024-11-03,North America,Health,First Aid Kit,5,241.2,1206.0,0.3,361.8
78a94659-59b5-4baa-ad4d-c35031e66044,2024-12-31,Europe,Beauty,Mascara,17,86.2,1465.4,0.16,234.46
3510c4f5-846c-4432-a839-8f11931d7545,2024-11-30,South America,Beauty,Lipstick,19,15.66,297.54,0.26,77.36
9930afca-ea77-42a1-a978-db33961daa4b,2024-10-26,Asia,Electronics,Bluetooth Speaker,14,109.38,1531.32,0.13,199.07
1fb77f71-909a-4ef1-a063-3857a8a6dc1d,2025-02-25,North America,Grocery,Olive Oil,12,369.91,4438.92,0.29,1287.29
a625221f-8f63-456a-8dc8-5c8ddab321a1,2025-02-13,North America,Grocery,Olive Oil,7,450.98,3156.86,0.3,947.06
f834b54e-946f-4bb5-978c-6307560b16b4,2025-03-20,North America,Household,Detergent,1,325.7,325.7,0.28,91.2
a298520d-ec70-41ff-892f-6dfca4200a7a,2024-12-02,North America,Household,Paper Towels,8,61.14,489.12,0.38,185.87
cadc51c3-fa55-4b2f-87d5-cb1f83a84b38,2025-01-30,South America,Health,First Aid Kit,13,235.51,3061.63,0.39,1194.04
5b327d35-55d6-41fa-9943-8bf7cc1b2bf9,2025-01-21,Europe,Grocery,Cereal,6,355.0,2130.0,0.34,724.2
c95ae0a9-8571-4d84-83fb-bea301105197,2024-12-19,Europe,Beauty,Foundation,6,380.7,2284.2,0.22,502.52
26511add-cd45-48c0-8419-c14a6b4793a4,2025-03-11,Europe,Electronics,Bluetooth Speaker,1,497.66,497.66,0.2,99.53
23f8a709-0f75-4b46-bdae-977cbd9ca5c8,2025-02-09,South America,Beauty,Mascara,18,135.39,2437.0199999999995,0.11,268.07
336c1b2b-b0ff-4658-9745-9c5ffafba30c,2025-03-27,Asia,Household,Trash Bags,7,462.64,3238.48,0.26,842.0
fbe39ad1-6226-40ff-ba42-7eb1f2bfcde6,2025-03-19,Asia,Household,Detergent,3,72.11,216.32999999999998,0.37,80.04
0acfca99-5789-481b-bec7-ac7e76217492,2024-11-23,North America,Grocery,Pasta,16,418.64,6698.24,0.19,1272.67
bcabae03-2a9f-4c33-b90a-1465c935f002,2024-11-18,South America,Household,Trash Bags,5,309.16,1545.8000000000002,0.23,355.53
9d0aadbc-58e5-4ea7-9803-557846a8a269,2024-11-30,South America,Beauty,Foundation,14,495.03,6930.42,0.24,1663.3
7059994f-c4d6-49a2-9f5e-8b679d5406b6,2025-02-19,North America,Health,Supplements,18,356.2,6411.599999999999,0.38,2436.41
e0037965-37eb-4e6e-b41b-eaf3bb8ff596,2024-11-16,South America,Electronics,Smartphone,3,176.11,528.33,0.17,89.82
655a1317-bb70-482e-bad1-2d670c9a33a6,2025-03-17,Asia,Electronics,Bluetooth Speaker,18,237.28,4271.04,0.23,982.34
a3956ea0-42df-4fef-b15f-d43e82e389c2,2024-11-07,South America,Health,First Aid Kit,8,428.68,3429.44,0.29,994.54
dbcf9fe1-cef1-4754-8c59-f7ed00293975,2025-02-22,Europe,Grocery,Pasta,14,234.73,3286.22,0.39,1281.63
0752b207-f827-4d19-a4eb-65d6a56af530,2025-04-12,South America,Grocery,Olive Oil,3,168.45,505.34999999999997,0.3,151.6
cb29d595-2cb7-4c74-aa12-2187e42dbc7a,2025-01-13,Europe,Household,Detergent,20,391.89,7837.799999999999,0.16,1254.05
76f5002f-2314-4271-b172-2daf97b60b50,2025-03-29,Europe,Health,Supplements,15,488.6,7329.0,0.2,1465.8
a512b91c-e657-4953-8d5a-6eba7f53826b,2025-03-13,Europe,Beauty,Mascara,10,329.45,3294.5,0.3,988.35
4f5a4767-3609-4f33-9802-30da5a546cc3,2024-12-25,Europe,Grocery,Pasta,20,356.15,7123.0,0.19,1353.37
9040a672-42ca-4399-8148-5c9d0b3c641c,2025-01-23,North America,Household,Detergent,11,91.18,1002.98,0.23,230.69
ddb6c6a5-2126-4e70-b2ea-892e13aa39e9,2025-03-19,South America,Electronics,Bluetooth Speaker,12,87.32,1047.84,0.39,408.66
d0f2e02b-0140-4bec-9f7a-e20eaae9fa3c,2025-01-27,Asia,Electronics,Smartphone,9,300.57,2705.13,0.34,919.74
d82e428c-d105-4a5a-a61a-b02cece4222b,2025-03-06,North America,Health,Vitamins,2,334.2,668.4,0.39,260.68
e812396b-51ca-4a32-b47d-cb54e2ebab1c,2025-04-16,South America,Health,Vitamins,18,149.69,2694.42,0.16,431.11
ce171d08-0a12-4a61-805e-5c0602c88350,2024-10-27,Asia,Beauty,Lipstick,13,226.55,2945.15,0.11,323.97
fb20b48b-6afc-4a08-bf70-9aca15905769,2025-02-25,South America,Beauty,Foundation,20,344.67,6893.400000000001,0.21,1447.61
0ade4a39-af10-44b0-92f6-244d8df48ac4,2025-03-25,South America,Health,First Aid Kit,13,259.13,3368.69,0.21,707.42
daac86c8-904b-4f74-9fa9-2e2fc8a4d705,2025-03-31,Asia,Grocery,Pasta,4,353.0,1412.0,0.12,169.44
8d4a090a-3c8c-4bc3-94a4-c7a0a7929e0a,2024-11-13,Europe,Grocery,Pasta,19,24.04,456.76,0.38,173.57
0b4011f9-b477-4a29-8350-8d3243291907,2025-03-29,North America,Health,Vitamins,9,457.25,4115.25,0.26,1069.97
ac2af56a-17ea-4340-9d98-72d41f9776ef,2025-02-10,South America,Health,Vitamins,6,21.23,127.38,0.35,44.58
e6b54fed-2df2-409f-9897-2359d83cc7a2,2025-03-23,South America,Beauty,Foundation,16,416.68,6666.88,0.17,1133.37
c02045a0-3f7c-4885-9641-a25e0d5f0eb8,2024-11-07,Europe,Household,Paper Towels,3,310.88,932.64,0.25,233.16
36c53d62-3e43-493c-a792-29b654417066,2025-02-21,North America,Beauty,Foundation,4,108.15,432.6,0.24,103.82
e05cfd98-7ab3-4fbd-bf57-ca2e96036a6e,2025-03-17,North America,Household,Paper Towels,13,385.27,5008.51,0.29,1452.47
a1245545-a0a1-47b2-8462-1e8bd0fe64ab,2024-11-19,Europe,Grocery,Cereal,15,365.6,5484.0,0.25,1371.0
c9830c9d-ead7-4814-8975-975aadf0c79a,2025-01-03,Asia,Household,Detergent,1,275.78,275.78,0.14,38.61
21e69f0a-f1b4-4252-a920-ff29a5ceedd5,2024-11-26,North America,Electronics,Bluetooth Speaker,5,236.24,1181.2,0.3,354.36
948cfcd3-2393-43f2-89e2-982f6c0fade5,2025-02-17,North America,Grocery,Pasta,18,217.16,3908.88,0.3,1172.66
e4e902c0-25c8-46bd-9dc7-c309d4f30f87,2025-01-20,Europe,Electronics,Smartphone,1,12.1,12.1,0.37,4.48
1af38aa0-425e-45b7-ad2a-deec1ad2a614,2024-10-22,North America,Electronics,Smartphone,19,184.95,3514.0499999999997,0.26,913.65
527fc3b3-23c8-4889-96c0-5420265fa95f,2024-12-27,South America,Health,First Aid Kit,6,230.14,1380.84,0.23,317.59
69bda476-48c3-40af-b864-298e70dc821c,2024-12-08,Europe,Household,Detergent,2,482.39,964.78,0.27,260.49
99a38cf7-6ba6-4a25-876c-b644626b121f,2025-03-23,North America,Grocery,Cereal,7,33.79,236.53,0.31,73.32
c77fb455-0452-4a83-b84c-7a5e5080d96c,2025-01-24,North America,Health,First Aid Kit,4,89.44,357.76,0.2,71.55
bd55cb21-9b8a-46b1-b04e-9f2d43e40d47,2024-11-04,South America,Grocery,Pasta,13,468.28,6087.639999999999,0.28,1704.54
cd3a1c36-5b86-429e-9c40-c7ab380d8846,2025-03-29,South America,Grocery,Cereal,5,169.68,848.4000000000001,0.26,220.58
74ea1b0f-77b1-4a5d-bac2-1889091941d0,2025-03-15,Asia,Health,First Aid Kit,13,259.72,3376.3600000000006,0.32,1080.44
05e10f47-ae6d-4bb0-9f5e-1746bf20ef16,2024-11-18,Europe,Grocery,Cereal,12,424.07,5088.84,0.18,915.99
51847dfa-4f0c-49b0-a321-ec425f4e0852,2024-10-25,South America,Household,Detergent,13,253.94,3301.22,0.33,1089.4
2a265d72-a3f4-439d-b773-bb702d6b014b,2025-03-26,Asia,Electronics,Bluetooth Speaker,10,120.53,1205.3,0.11,132.58
0e4adba8-531e-4776-b18c-d5742e11f5b5,2024-12-07,Europe,Grocery,Cereal,11,138.94,1528.34,0.27,412.65
07a4e8c4-e964-4213-abff-37a2efd83bad,2025-03-03,Asia,Electronics,Laptop,3,428.15,1284.4499999999998,0.14,179.82
ee51c8b3-1787-421a-97d4-a052b969d122,2025-03-05,South America,Household,Detergent,5,139.64,698.1999999999999,0.14,97.75
eaf16923-4b5d-488b-bc28-3f98fe00f6c0,2025-02-09,Europe,Beauty,Lipstick,6,211.8,1270.8000000000002,0.13,165.2
57fdb9a2-4950-4d6a-acf6-c1be09c06c8e,2025-03-21,North America,Grocery,Cereal,3,25.22,75.66,0.18,13.62
70bceda4-47b7-4c4e-a300-65a3c41c44fc,2025-02-11,Asia,Beauty,Mascara,15,25.09,376.35,0.35,131.72
1a954b1b-4af6-4fdc-b71e-912de4dcf382,2025-01-23,South America,Grocery,Pasta,18,142.79,2570.22,0.32,822.47
a040139b-c7b2-4a4d-926f-8c42fc4805ff,2025-04-03,Asia,Electronics,Bluetooth Speaker,10,239.01,2390.1,0.39,932.14
a5c60c09-a99d-4f06-ac59-8a7a7c2a52d5,2025-01-19,Asia,Electronics,Smartphone,1,319.77,319.77,0.28,89.54
827a3b79-e6a4-4c0c-85d7-e550f0615db7,2024-11-14,Europe,Electronics,Bluetooth Speaker,12,75.37,904.44,0.11,99.49
4ce2d4c7-c141-4852-b52e-14f96b750694,2024-11-27,Europe,Grocery,Olive Oil,2,248.93,497.86,0.21,104.55
02782370-9c36-4e3d-8b99-704e3c7aebf7,2024-11-26,Europe,Household,Paper Towels,15,36.73,550.9499999999999,0.15,82.64
60508f0d-4d34-499d-b1ef-4cc9a2561c30,2025-02-19,South America,Household,Trash Bags,11,65.12,716.32,0.38,272.2
098398fb-6893-4af0-9117-340d849024e4,2025-01-07,Asia,Grocery,Pasta,6,435.89,2615.34,0.16,418.45
6f235f18-8366-4e32-81ce-2c22b95e49fa,2025-02-02,Europe,Household,Trash Bags,20,385.44,7708.8,0.31,2389.73
506a5d3b-ba93-4ae3-9e24-4c487ed7c625,2024-12-03,South America,Electronics,Bluetooth Speaker,3,212.11,636.33,0.36,229.08
a9b9c1ac-5867-4bf4-9cfd-1776f17e3150,2025-03-27,Asia,Electronics,Bluetooth Speaker,7,354.9,2484.2999999999997,0.34,844.66
d4001496-a52e-4b59-ab6a-07601176d4f6,2025-02-23,Asia,Household,Detergent,15,95.64,1434.6,0.39,559.49
15a9db8d-4ee5-48fa-9fa1-1f2f74edc8d1,2025-02-17,North America,Electronics,Laptop,15,406.69,6100.35,0.19,1159.07
e41d459d-e069-4509-ae00-35cc3c70b967,2025-03-11,North America,Electronics,Laptop,9,428.39,3855.5099999999998,0.37,1426.54
6fbfaac1-4834-482e-8a0e-0bb9e424778c,2025-04-20,Asia,Household,Paper Towels,15,380.45,5706.75,0.28,1597.89
2aec04d7-447e-4106-8ce1-94832792a455,2024-11-21,Europe,Household,Trash Bags,12,385.94,4631.28,0.13,602.07
bd46f11d-ce75-4b4a-a0bf-57dac70eee57,2025-02-15,Europe,Beauty,Foundation,2,63.05,126.1,0.25,31.52
599279f8-41f2-486a-8755-e12c7e5f714b,2025-03-08,North America,Health,Supplements,5,384.32,1921.6,0.11,211.38
5d8d5cac-23b6-46ef-bbd2-f79836e47bea,2025-04-14,North America,Health,First Aid Kit,16,377.28,6036.48,0.34,2052.4
d47084f7-c5ba-4c3a-bad0-2926d2228be1,2025-04-10,South America,Electronics,Smartphone,2,307.57,615.14,0.11,67.67
96cf1c90-e601-41f6-8ab5-3231d9af5a09,2025-03-17,Europe,Electronics,Smartphone,12,403.79,4845.4800000000005,0.29,1405.19
0f0d330a-8368-4e72-8b42-9dfb5a43a5be,2024-11-22,North America,Grocery,Olive Oil,12,478.08,5736.96,0.13,745.8
ae53c7cb-a2fa-4729-afc4-0fe7c7f239e7,2024-11-26,North America,Household,Detergent,14,249.77,3496.78,0.12,419.61
209085ca-2ea7-4590-af2a-d00f78dddce5,2025-04-15,Europe,Grocery,Olive Oil,11,491.62,5407.82,0.25,1351.95
99da2cb7-5f89-4030-af54-adb666560e8e,2024-12-20,South America,Household,Trash Bags,7,128.45,899.1499999999999,0.14,125.88
8dfaa6b6-fe46-4fa9-8789-1e524e5a788d,2024-12-07,Asia,Beauty,Lipstick,18,377.91,6802.38,0.11,748.26
f8eb9d29-1614-4945-a7e1-d681876429e3,2025-03-17,North America,Health,Supplements,15,60.49,907.35,0.16,145.18
958da473-6d11-4356-b13b-2cf4929e781b,2025-03-16,North America,Health,Vitamins,1,51.38,51.38,0.4,20.55
710427f4-dcd9-46ba-92f5-6b3e3e5de030,2025-01-31,North America,Household,Paper Towels,17,273.0,4641.0,0.35,1624.35
a11518f4-5b21-4258-bc15-2a754f3b28ee,2025-01-20,South America,Health,Vitamins,13,463.26,6022.38,0.15,903.36
195061fd-af83-41f4-ba57-2687e25e1581,2025-03-16,Asia,Grocery,Olive Oil,15,258.8,3882.0,0.15,582.3
fa8596e7-557f-4425-adef-6161a64ff23d,2024-11-05,Asia,Electronics,Smartphone,11,319.1,3510.1000000000004,0.17,596.72
e02ad16a-a0a3-4495-b20e-5ee49e1818b9,2025-01-13,Asia,Beauty,Mascara,16,282.55,4520.8,0.14,632.91
251c6aed-320a-42ad-ac47-c9e085be9cb6,2025-02-03,Asia,Grocery,Cereal,20,283.7,5674.0,0.17,964.58
00924ffa-c279-4be9-8465-98480ba0b5c8,2025-03-01,Asia,Beauty,Foundation,12,18.59,223.07999999999998,0.3,66.92
e910f025-0148-4b15-8f5d-d0d64e828349,2025-02-10,South America,Beauty,Lipstick,1,228.16,228.16,0.14,31.94
63f85576-339f-45a2-a668-95cc2c4161e4,2025-02-19,Asia,Electronics,Laptop,17,421.02,7157.34,0.15,1073.6
40023995-cae4-41a3-837e-b32f9dd3c0d7,2024-10-29,North America,Health,Vitamins,13,250.51,3256.63,0.32,1042.12
be6f570a-e119-4ceb-b06e-9021381795f7,2025-04-12,North America,Household,Trash Bags,6,277.63,1665.78,0.3,499.73
deccdc67-4f6a-45a4-aad6-a986d95f31ae,2025-01-07,Europe,Household,Paper Towels,18,77.53,1395.54,0.31,432.62
233152e2-5af3-4cdf-892a-9677c985d75f,2025-01-24,Europe,Health,First Aid Kit,1,487.51,487.51,0.39,190.13
338102c2-ae92-47cd-ac50-2496a8ef58f6,2024-11-27,Europe,Beauty,Foundation,2,129.55,259.1,0.37,95.87
8987cf8c-2775-4df6-a9db-f7a9b06c6da4,2024-12-23,Europe,Household,Detergent,6,215.56,1293.3600000000001,0.22,284.54
fe0a6874-c432-4fe7-8b7a-22e736cd1d01,2024-11-24,Asia,Grocery,Pasta,9,112.51,1012.59,0.33,334.15
7e7b1c49-9c4c-496a-a953-806d8fc3dcaa,2025-04-04,Europe,Electronics,Bluetooth Speaker,1,449.41,449.41,0.12,53.93
42e3e5e3-8cf2-4817-86aa-4b2aed9edf0d,2025-04-02,North America,Electronics,Laptop,3,263.37,790.11,0.15,118.52
